{
  "bias": 1.6785221661492942,
  "wExecutableExt": 4.4185347197348435,
  "wArchiveExt": 1.7842450731093458,
  "wMacroExt": 3.106716007693874,
  "wBenignExt": -8.267889425042966,
  "wDoubleExtension": 1.160015199837224,
  "wScriptContentType": 0.5740528120325435,
  "wArchiveContentType": 1.7842450731093458,
  "wEmptyContentType": 0.0,
  "wSize": 0.3927238917386026
}