{
  "bias": 1.2520257370216066,
  "wLength": 18.047230835160978,
  "wDots": -6.759060466369032,
  "wHyphens": 2.2786405277006985,
  "wHasAt": 0.7467761013356,
  "wHasIpHost": 1.7732335160802444,
  "wHasPunycode": -0.04227072452068258,
  "wDigitsInHost": 2.3568476190629033,
  "wRiskyTld": 0.47820172325002525,
  "wKeywordHits": 3.564728416806825,
  "wHttps": -10.755034528948514
}